CustomerID,CohortMonth
12346,2011-01
12347,2010-12
12348,2010-12
12349,2011-11
12350,2011-02
12352,2011-02
12353,2011-05
12354,2011-04
12355,2011-05
12356,2011-01
12357,2011-11
12358,2011-07
12359,2011-01
12360,2011-05
12361,2011-02
12362,2011-02
12363,2011-04
12364,2011-08
12365,2011-02
12367,2011-12
12370,2010-12
12371,2011-10
12372,2011-02
12373,2011-02
12374,2011-11
12375,2011-09
12377,2010-12
12378,2011-08
12379,2011-06
12380,2011-06
12381,2011-08
12383,2010-12
12384,2011-08
12386,2010-12
12388,2011-01
12390,2011-09
12391,2011-11
12393,2011-01
12394,2011-05
12395,2010-12
12397,2011-07
12398,2011-10
12399,2011-03
12401,2011-02
12402,2011-01
12403,2011-10
12405,2011-07
12406,2011-06
12407,2011-03
12408,2011-03
12409,2011-06
12410,2011-02
12412,2011-06
12413,2011-01
12414,2011-02
12415,2011-01
12417,2010-12
12418,2011-08
12420,2011-10
12421,2011-01
12422,2011-01
12423,2010-12
12424,2011-06
12425,2011-09
12426,2011-05
12427,2010-12
12428,2011-03
12429,2010-12
12430,2011-10
12431,2010-12
12432,2011-06
12433,2010-12
12434,2011-03
12435,2011-03
12436,2011-09
12437,2011-01
12438,2011-07
12441,2010-12
12442,2011-12
12444,2011-06
12445,2011-11
12446,2011-10
12447,2011-04
12448,2011-10
12449,2011-06
12450,2011-06
12451,2011-01
12452,2011-11
12453,2011-07
12454,2011-10
12455,2011-02
12456,2011-03
12457,2011-04
12458,2011-02
12461,2011-07
12462,2011-02
12463,2011-04
12464,2011-02
12465,2011-06
12468,2011-01
12471,2010-12
12472,2010-12
12473,2011-06
12474,2011-01
12475,2011-10
12476,2010-12
12477,2011-02
12478,2011-12
12479,2011-11
12480,2011-01
12481,2010-12
12483,2011-01
12484,2011-01
12488,2011-09
12489,2011-01
12490,2011-01
12491,2011-11
12492,2011-08
12493,2011-05
12494,2010-12
12497,2011-09
12498,2011-10
12500,2011-01
12501,2011-01
12502,2011-02
12504,2011-11
12506,2011-04
12507,2011-02
12508,2011-11
12509,2011-02
12510,2011-01
12512,2011-10
12513,2011-08
12514,2011-03
12515,2010-12
12516,2011-06
12517,2011-06
12518,2011-08
12519,2011-10
12520,2011-03
12521,2011-07
12522,2011-10
12523,2011-01
12524,2011-01
12526,2011-09
12527,2011-01
12528,2011-01
12530,2011-01
12531,2011-11
12532,2011-11
12534,2011-08
12535,2011-06
12536,2011-10
12538,2011-11
12539,2011-01
12540,2010-12
12541,2011-03
12544,2011-11
12545,2011-03
12546,2011-09
12547,2011-03
12548,2011-06
12550,2011-09
12551,2010-12
12552,2011-10
12553,2011-01
12556,2011-07
12557,2010-12
12558,2011-12
12559,2011-01
12560,2011-07
12561,2011-02
12562,2011-05
12564,2011-03
12565,2011-02
12566,2011-09
12567,2010-12
12569,2011-04
12571,2011-08
12572,2011-10
12573,2011-04
12574,2011-01
12576,2011-02
12577,2010-12
12578,2011-01
12579,2011-09
12580,2011-04
12581,2011-10
12582,2011-02
12583,2010-12
12584,2011-03
12585,2010-12
12586,2011-11
12587,2011-12
12588,2011-10
12589,2011-07
12590,2011-05
12591,2011-01
12592,2011-05
12593,2011-05
12594,2011-01
12596,2011-04
12597,2011-03
12598,2011-02
12599,2011-02
12600,2010-12
12601,2011-01
12602,2011-10
12603,2011-11
12604,2011-03
12607,2011-10
12609,2011-01
12610,2011-08
12611,2011-10
12612,2011-09
12613,2011-03
12614,2011-03
12615,2011-06
12616,2011-02
12617,2011-11
12618,2011-11
12619,2011-03
12620,2011-05
12621,2010-12
12622,2011-04
12623,2011-03
12624,2011-06
12625,2011-01
12626,2011-01
12627,2011-07
12628,2011-10
12630,2011-10
12631,2011-10
12633,2011-02
12635,2011-07
12637,2011-01
12638,2011-11
12639,2011-04
12640,2011-09
12641,2011-08
12642,2011-08
12643,2011-01
12644,2011-08
12645,2011-01
12646,2011-10
12647,2010-12
12648,2011-07
12649,2011-05
12650,2011-12
12651,2011-01
12652,2011-01
12653,2011-02
12654,2011-02
12656,2011-04
12657,2011-09
12658,2011-11
12659,2011-11
12660,2011-11
12662,2010-12
12664,2011-01
12665,2011-01
12667,2011-10
12668,2010-12
12669,2011-03
12670,2011-04
12672,2011-01
12673,2011-01
12674,2011-05
12676,2011-02
12678,2010-12
12679,2011-03
12680,2011-08
12681,2010-12
12682,2010-12
12683,2010-12
12684,2011-05
12685,2011-09
12686,2010-12
12688,2011-08
12689,2011-08
12690,2011-05
12691,2010-12
12693,2011-01
12694,2011-06
12695,2011-05
12697,2011-06
12700,2011-05
12701,2011-04
12702,2011-11
12703,2011-09
12704,2011-06
12705,2010-12
12707,2011-02
12708,2010-12
12709,2010-12
12710,2011-05
12712,2010-12
12713,2011-12
12714,2011-02
12715,2011-08
12716,2011-07
12717,2011-04
12718,2011-09
12719,2011-10
12720,2010-12
12721,2010-12
12722,2011-07
12723,2011-10
12724,2011-01
12725,2010-12
12726,2010-12
12727,2011-01
12728,2011-01
12729,2011-08
12731,2010-12
12732,2011-06
12733,2011-04
12734,2010-12
12735,2011-01
12736,2011-01
12738,2010-12
12739,2011-09
12740,2011-10
12743,2011-07
12744,2011-01
12747,2010-12
12748,2010-12
12749,2011-05
12750,2011-08
12752,2011-09
12753,2010-12
12754,2011-02
12755,2010-12
12756,2011-09
12757,2011-05
12758,2011-03
12759,2011-03
12762,2011-11
12763,2010-12
12764,2011-01
12766,2010-12
12769,2011-04
12770,2011-05
12772,2011-10
12775,2011-02
12778,2011-01
12779,2010-12
12781,2011-02
12782,2010-12
12783,2011-09
12784,2011-11
12785,2010-12
12787,2011-05
12789,2011-10
12790,2011-05
12791,2010-12
12792,2011-03
12793,2010-12
12794,2011-09
12795,2011-11
12797,2010-12
12798,2011-06
12802,2011-06
12808,2010-12
12809,2011-06
12811,2011-02
12812,2011-10
12814,2011-08
12815,2011-05
12816,2011-06
12817,2011-03
12818,2011-03
12820,2011-01
12821,2011-05
12822,2011-09
12823,2011-02
12824,2011-10
12826,2010-12
12827,2011-10
12828,2011-08
12829,2010-12
12830,2011-06
12831,2011-03
12832,2011-09
12833,2011-07
12834,2011-03
12836,2011-02
12837,2011-06
12838,2010-12
12839,2010-12
12840,2011-04
12841,2010-12
12842,2011-02
12843,2011-03
12844,2011-08
12845,2011-02
12847,2011-11
12849,2011-03
12851,2011-09
12852,2011-02
12853,2011-01
12854,2011-01
12855,2010-12
12856,2011-10
12857,2011-02
12863,2011-10
12864,2011-07
12865,2011-08
12866,2011-03
12867,2010-12
12868,2010-12
12871,2011-05
12872,2010-12
12873,2011-03
12875,2010-12
12876,2011-05
12877,2010-12
12878,2011-03
12879,2011-09
12881,2011-03
12882,2011-11
12883,2011-09
12884,2011-09
12885,2011-08
12886,2011-05
12888,2011-03
12890,2011-11
12891,2011-02
12893,2011-11
12895,2011-09
12897,2011-02
12901,2011-03
12902,2011-03
12904,2011-06
12906,2011-09
12908,2011-01
12909,2011-03
12910,2011-04
12912,2011-10
12913,2010-12
12915,2010-12
12916,2011-01
12917,2011-08
12919,2011-06
12920,2011-11
12921,2010-12
12922,2011-07
12923,2011-10
12924,2011-01
12925,2011-09
12928,2010-12
12929,2011-02
12930,2011-06
12931,2010-12
12933,2011-03
12935,2011-01
12936,2011-09
12937,2011-03
12938,2011-11
12939,2011-01
12940,2011-09
12942,2010-12
12944,2010-12
12945,2011-02
12947,2010-12
12948,2011-03
12949,2011-04
12950,2011-11
12951,2011-01
12952,2011-09
12953,2011-11
12955,2011-03
12956,2011-02
12957,2011-01
12962,2011-08
12963,2010-12
12965,2011-09
12966,2011-11
12967,2010-12
12968,2011-08
12970,2011-01
12971,2010-12
12974,2011-05
12976,2011-05
12977,2011-07
12980,2010-12
12981,2011-07
12982,2011-04
12984,2011-11
12985,2011-11
12987,2011-05
12988,2011-02
12989,2010-12
12990,2011-02
12991,2011-08
12993,2011-02
12994,2011-03
12995,2011-09
12997,2011-01
12999,2011-04
13000,2010-12
13001,2011-01
13002,2011-01
13003,2011-05
13004,2010-12
13005,2011-04
13006,2011-10
13008,2011-01
13011,2010-12
13012,2011-02
13013,2010-12
13014,2011-03
13015,2011-04
13016,2011-08
13017,2011-12
13018,2011-02
13021,2010-12
13023,2011-08
13026,2011-03
13027,2010-12
13028,2011-10
13029,2010-12
13030,2010-12
13032,2011-09
13033,2010-12
13034,2010-12
13035,2011-03
13037,2011-03
13038,2011-02
13040,2011-11
13043,2011-03
13044,2011-02
13045,2011-09
13046,2011-03
13047,2010-12
13048,2011-01
13049,2011-01
13050,2010-12
13052,2011-05
13055,2011-05
13058,2011-07
13059,2011-04
13060,2011-03
13061,2011-09
13062,2011-06
13064,2011-01
13065,2010-12
13066,2011-11
13067,2011-09
13068,2011-01
13069,2010-12
13070,2011-05
13072,2011-03
13075,2011-08
13077,2010-12
13078,2010-12
13079,2011-07
13080,2011-06
13081,2010-12
13082,2011-01
13083,2011-09
13085,2011-02
13089,2010-12
13090,2010-12
13091,2011-11
13092,2010-12
13093,2010-12
13094,2010-12
13095,2011-09
13097,2010-12
13098,2011-01
13099,2011-09
13101,2011-04
13102,2010-12
13103,2011-10
13104,2010-12
13106,2011-07
13107,2011-01
13108,2010-12
13109,2011-07
13110,2011-02
13113,2010-12
13115,2011-06
13116,2011-07
13117,2010-12
13118,2011-02
13120,2011-04
13121,2011-03
13122,2011-04
13124,2010-12
13126,2010-12
13127,2011-09
13130,2011-09
13131,2011-06
13132,2011-03
13133,2011-02
13134,2011-04
13135,2011-05
13136,2011-05
13137,2011-02
13138,2010-12
13139,2011-03
13140,2010-12
13141,2011-01
13142,2011-11
13144,2011-01
13145,2010-12
13146,2011-11
13147,2011-09
13148,2010-12
13149,2011-02
13151,2011-02
13153,2011-12
13155,2010-12
13157,2011-02
13158,2011-01
13159,2011-08
13160,2011-11
13161,2011-01
13162,2011-01
13165,2010-12
13166,2011-03
13167,2011-07
13168,2011-01
13169,2011-04
13170,2011-11
13171,2011-02
13173,2010-12
13174,2010-12
13176,2011-10
13177,2011-10
13178,2010-12
13182,2011-10
13183,2011-01
13184,2011-02
13185,2011-03
13186,2011-08
13187,2011-01
13188,2011-11
13189,2011-08
13192,2011-05
13193,2011-10
13194,2011-07
13196,2011-03
13198,2010-12
13199,2010-12
13200,2011-08
13203,2011-04
13207,2011-07
13208,2011-02
13209,2010-12
13210,2011-09
13211,2010-12
13212,2011-10
13213,2011-05
13216,2011-03
13217,2011-07
13218,2011-08
13220,2011-04
13221,2010-12
13223,2011-04
13224,2011-07
13225,2010-12
13226,2011-03
13227,2011-05
13228,2011-09
13229,2011-04
13230,2010-12
13232,2011-04
13233,2011-01
13235,2011-05
13236,2011-08
13238,2010-12
13239,2011-03
13240,2010-12
13242,2011-05
13243,2011-05
13244,2011-09
13245,2011-10
13246,2011-01
13247,2011-09
13248,2011-06
13249,2011-03
13253,2011-01
13255,2010-12
13258,2011-05
13259,2011-10
13260,2011-10
13261,2011-02
13262,2011-03
13263,2011-01
13265,2011-03
13266,2011-03
13267,2010-12
13268,2011-03
13269,2010-12
13270,2010-12
13271,2011-11
13272,2011-09
13273,2011-08
13276,2011-09
13277,2011-07
13278,2011-10
13279,2011-09
13280,2011-01
13282,2011-05
13283,2011-06
13284,2011-01
13285,2011-02
13291,2011-07
13292,2011-02
13294,2011-04
13295,2010-12
13296,2011-07
13297,2011-10
13298,2011-12
13299,2011-03
13300,2011-06
13301,2011-02
13302,2011-07
13304,2010-12
13305,2010-12
13307,2011-08
13308,2011-05
13309,2011-02
13310,2011-01
13311,2011-07
13313,2011-01
13314,2011-09
13316,2011-03
13317,2010-12
13318,2011-11
13319,2010-12
13320,2011-05
13321,2011-09
13322,2011-11
13323,2011-09
13324,2010-12
13325,2011-09
13327,2010-12
13328,2011-01
13329,2010-12
13330,2011-01
13332,2011-11
13334,2011-02
13336,2011-09
13338,2011-07
13339,2011-05
13340,2011-03
13341,2011-03
13343,2011-06
13344,2011-03
13345,2011-02
13347,2011-09
13348,2011-10
13349,2011-11
13350,2011-09
13351,2011-10
13352,2011-10
13354,2011-09
13355,2011-08
13356,2011-09
13357,2011-03
13358,2011-03
13359,2011-10
13362,2011-02
13363,2011-10
13364,2011-09
13365,2011-05
13366,2011-10
13368,2011-01
13369,2010-12
13370,2010-12
13372,2011-09
13373,2011-03
13375,2011-09
13376,2011-04
13379,2011-07
13381,2011-02
13382,2011-03
13384,2011-06
13385,2011-01
13388,2011-07
13389,2011-04
13390,2011-09
13391,2011-05
13394,2011-02
13395,2011-06
13396,2011-01
13397,2011-01
13398,2011-05
13402,2010-12
13403,2011-11
13404,2011-05
13405,2011-01
13408,2010-12
13410,2011-02
13411,2011-08
13414,2011-02
13416,2011-09
13417,2011-05
13418,2010-12
13419,2011-10
13420,2011-06
13421,2011-02
13422,2011-10
13425,2011-02
13426,2010-12
13427,2011-05
13428,2011-11
13429,2011-09
13430,2011-09
13431,2011-09
13434,2011-09
13435,2011-06
13436,2011-12
13437,2011-06
13439,2011-03
13441,2011-09
13447,2011-11
13448,2010-12
13449,2011-11
13450,2011-05
13451,2011-01
13452,2011-03
13453,2011-02
13455,2010-12
13456,2011-05
13458,2010-12
13460,2011-10
13461,2011-06
13462,2011-04
13464,2011-10
13466,2011-06
13467,2011-11
13468,2010-12
13470,2011-08
13471,2011-10
13473,2011-01
13474,2011-04
13475,2011-02
13476,2011-03
13477,2011-02
13479,2011-04
13481,2011-03
13482,2011-04
13483,2011-10
13484,2011-04
13485,2011-04
13486,2011-07
13487,2010-12
13488,2010-12
13489,2011-02
13491,2010-12
13492,2011-05
13493,2011-02
13494,2011-02
13495,2010-12
13496,2010-12
13497,2010-12
13499,2011-03
13500,2011-08
13501,2011-02
13502,2011-01
13503,2011-09
13504,2011-10
13505,2011-04
13506,2010-12
13507,2011-07
13508,2011-04
13509,2011-02
13510,2011-06
13512,2011-03
13513,2011-08
13514,2011-09
13515,2011-04
13516,2011-04
13517,2011-06
13518,2011-09
13519,2011-09
13520,2010-12
13521,2011-11
13522,2011-11
13523,2010-12
13524,2011-05
13525,2011-04
13527,2011-01
13529,2011-05
13531,2010-12
13532,2011-11
13533,2011-03
13534,2010-12
13536,2011-09
13538,2011-01
13539,2011-02
13544,2011-04
13546,2011-05
13548,2011-04
13549,2011-04
13551,2011-01
13552,2011-01
13555,2011-05
13557,2011-03
13558,2011-10
13560,2011-12
13561,2011-05
13562,2011-04
13563,2011-07
13564,2010-12
13565,2011-01
13566,2011-09
13568,2011-06
13569,2010-12
13570,2011-04
13571,2011-03
13572,2011-05
13573,2011-03
13575,2011-06
13576,2010-12
13577,2011-04
13579,2010-12
13581,2011-02
13583,2011-07
13584,2011-02
13587,2011-10
13588,2011-03
13589,2011-06
13590,2011-02
13591,2011-03
13592,2011-03
13593,2011-01
13594,2011-10
13596,2011-11
13598,2011-10
13599,2010-12
13600,2011-01
13601,2011-05
13602,2011-10
13603,2011-11
13606,2011-02
13607,2011-10
13610,2011-02
13611,2010-12
13614,2011-01
13615,2011-01
13617,2011-06
13618,2011-06
13621,2011-08
13623,2011-02
13626,2011-04
13627,2010-12
13629,2011-01
13630,2011-02
13631,2011-03
13632,2011-04
13634,2011-01
13635,2011-10
13636,2011-02
13637,2011-04
13638,2011-11
13639,2011-09
13642,2011-05
13643,2011-06
13644,2011-08
13645,2011-08
13647,2011-04
13649,2010-12
13650,2011-03
13651,2011-10
13652,2010-12
13654,2011-03
13655,2011-04
13656,2011-01
13657,2011-05
13658,2011-05
13659,2011-01
13662,2011-03
13663,2011-06
13666,2011-02
13667,2011-07
13668,2010-12
13669,2011-07
13670,2011-09
13672,2011-01
13673,2011-11
13675,2011-02
13678,2011-07
13680,2011-01
13681,2011-07
13682,2011-06
13684,2011-02
13685,2011-10
13686,2011-06
13689,2011-10
13690,2011-10
13692,2011-04
13694,2010-12
13695,2011-03
13697,2011-11
13699,2011-07
13700,2011-01
13703,2011-01
13704,2011-09
13705,2010-12
13706,2011-02
13707,2011-01
13708,2011-03
13709,2011-01
13710,2011-11
13711,2011-05
13712,2011-04
13715,2010-12
13716,2011-03
13717,2011-02
13718,2011-02
13719,2011-04
13720,2011-03
13721,2011-11
13722,2011-03
13723,2011-05
13725,2011-02
13726,2011-08
13727,2011-11
13728,2011-02
13730,2011-07
13731,2011-04
13732,2011-11
13735,2011-04
13736,2011-03
13737,2011-05
13739,2011-11
13740,2011-04
13741,2011-05
13742,2011-01
13743,2011-03
13744,2011-02
13745,2011-06
13747,2010-12
13748,2010-12
13750,2011-01
13751,2011-02
13752,2011-04
13753,2011-02
13754,2011-01
13755,2011-10
13756,2010-12
13758,2010-12
13759,2011-09
13760,2011-03
13761,2011-06
13762,2011-05
13763,2011-10
13764,2011-01
13767,2010-12
13769,2010-12
13771,2011-04
13772,2011-04
13774,2011-09
13777,2010-12
13778,2011-08
13780,2011-06
13781,2011-04
13782,2011-01
13784,2011-01
13786,2010-12
13787,2010-12
13790,2011-12
13791,2011-06
13792,2011-02
13798,2010-12
13799,2011-02
13800,2011-02
13801,2011-10
13802,2011-02
13803,2011-03
13804,2011-02
13805,2011-08
13806,2011-10
13807,2010-12
13808,2011-09
13809,2011-02
13810,2011-10
13811,2011-04
13812,2011-08
13813,2011-07
13814,2011-07
13815,2011-01
13816,2011-10
13817,2010-12
13819,2011-01
13821,2011-03
13822,2011-10
13823,2011-09
13824,2011-02
13826,2011-06
13827,2011-07
13828,2011-11
13831,2010-12
13832,2011-11
13833,2011-07
13835,2011-05
13837,2011-01
13838,2010-12
13841,2011-04
13842,2010-12
13844,2011-11
13845,2011-10
13846,2010-12
13848,2010-12
13849,2011-06
13850,2011-08
13851,2011-02
13853,2011-10
13854,2010-12
13856,2011-05
13858,2011-10
13859,2011-01
13860,2011-09
13862,2011-01
13863,2011-04
13865,2011-02
13866,2011-09
13867,2011-05
13868,2011-11
13869,2010-12
13870,2011-02
13871,2011-02
13873,2011-02
13874,2010-12
13875,2011-02
13876,2011-10
13877,2011-09
13878,2011-10
13880,2010-12
13881,2011-02
13882,2011-10
13883,2011-03
13884,2011-03
13885,2011-05
13886,2011-09
13887,2011-05
13888,2011-05
13889,2011-09
13890,2010-12
13892,2011-04
13893,2011-02
13894,2011-02
13895,2011-06
13897,2011-10
13898,2011-01
13899,2011-03
13900,2011-03
13901,2011-01
13904,2011-02
13908,2011-03
13911,2011-02
13914,2011-11
13917,2011-06
13918,2011-03
13919,2011-08
13922,2010-12
13923,2011-10
13924,2011-09
13925,2011-07
13926,2011-11
13927,2011-09
13928,2011-07
13929,2011-01
13930,2011-07
13931,2011-03
13932,2011-02
13933,2011-07
13934,2011-03
13936,2011-06
13937,2011-06
13938,2011-11
13939,2011-02
13940,2011-07
13941,2010-12
13946,2011-03
13947,2011-10
13948,2010-12
13949,2011-09
13950,2011-04
13951,2011-02
13952,2011-04
13953,2010-12
13954,2011-09
13955,2011-02
13956,2011-03
13959,2010-12
13960,2011-09
13962,2011-04
13963,2010-12
13967,2011-07
13969,2010-12
13971,2011-02
13972,2011-05
13973,2011-02
13974,2011-10
13975,2011-03
13976,2011-05
13978,2011-10
13979,2011-09
13980,2011-10
13982,2010-12
13983,2010-12
13984,2010-12
13985,2011-03
13986,2011-11
13988,2011-03
13989,2011-04
13990,2011-05
13991,2011-07
13992,2011-11
13993,2011-01
13994,2011-07
13995,2011-04
13999,2010-12
14000,2011-05
14001,2010-12
14002,2011-07
14004,2011-02
14005,2011-05
14006,2011-01
14009,2011-05
14012,2011-03
14013,2011-03
14014,2011-09
14015,2011-10
14016,2010-12
14019,2011-07
14020,2011-09
14021,2011-03
14022,2011-04
14023,2011-04
14024,2011-08
14027,2011-10
14029,2011-07
14030,2010-12
14031,2010-12
14032,2010-12
14034,2011-07
14035,2011-02
14036,2011-02
14037,2010-12
14038,2011-05
14039,2011-11
14040,2011-01
14041,2011-03
14044,2011-02
14045,2010-12
14046,2011-02
14047,2010-12
14048,2011-02
14049,2011-01
14050,2011-08
14051,2010-12
14052,2011-11
14053,2011-07
14054,2011-10
14055,2011-08
14056,2011-02
14057,2010-12
14059,2011-03
14060,2010-12
14062,2010-12
14064,2011-03
14066,2011-03
14067,2011-09
14068,2011-01
14071,2011-03
14073,2011-11
14075,2011-03
14076,2011-08
14077,2011-03
14078,2010-12
14079,2011-08
14080,2011-11
14081,2010-12
14082,2010-12
14083,2010-12
14085,2010-12
14087,2011-12
14088,2011-01
14089,2011-10
14090,2011-01
14092,2010-12
14093,2011-11
14096,2011-08
14098,2011-11
14099,2010-12
14100,2011-07
14101,2011-01
14102,2011-10
14104,2011-06
14105,2011-04
14107,2010-12
14108,2011-08
14109,2011-09
14110,2011-03
14111,2011-04
14112,2011-03
14113,2010-12
14114,2011-01
14116,2011-08
14117,2011-07
14121,2011-10
14124,2011-09
14125,2011-09
14126,2011-11
14127,2011-02
14128,2011-03
14129,2011-03
14130,2011-01
14132,2011-06
14133,2011-01
14135,2010-12
14138,2011-10
14139,2011-10
14140,2011-11
14141,2011-08
14142,2010-12
14143,2011-07
14145,2011-05
14146,2010-12
14147,2011-02
14148,2011-04
14149,2011-05
14150,2010-12
14152,2011-04
14154,2011-04
14155,2011-03
14156,2010-12
14157,2011-02
14158,2011-10
14159,2010-12
14161,2010-12
14162,2011-02
14163,2011-04
14164,2011-09
14165,2011-03
14167,2011-01
14171,2011-09
14173,2011-05
14174,2011-11
14175,2011-01
14176,2010-12
14177,2011-06
14178,2011-06
14179,2011-10
14180,2010-12
14184,2011-10
14185,2011-01
14188,2011-02
14189,2010-12
14191,2011-05
14193,2011-03
14194,2011-02
14195,2011-04
14196,2011-08
14198,2011-04
14199,2011-05
14201,2010-12
14204,2011-12
14205,2011-03
14206,2011-04
14208,2011-09
14209,2011-01
14210,2010-12
14211,2011-02
14212,2011-09
14214,2011-03
14215,2010-12
14216,2011-11
14217,2010-12
14218,2011-10
14219,2011-12
14220,2010-12
14221,2011-01
14222,2011-06
14223,2011-03
14224,2011-01
14226,2011-03
14227,2011-02
14229,2011-01
14231,2011-02
14232,2011-03
14233,2011-01
14234,2011-10
14235,2011-03
14236,2010-12
14237,2010-12
14238,2011-01
14239,2011-01
14240,2011-04
14241,2011-06
14242,2011-01
14243,2010-12
14245,2011-03
14246,2011-04
14247,2011-03
14248,2011-01
14250,2011-09
14251,2011-10
14256,2010-12
14257,2011-01
14258,2011-01
14259,2011-07
14261,2011-09
14262,2011-04
14264,2011-04
14265,2011-07
14267,2011-03
14270,2011-01
14271,2011-04
14272,2011-03
14273,2011-04
14276,2011-02
14277,2011-05
14280,2011-05
14282,2010-12
14284,2011-09
14285,2011-06
14286,2011-04
14287,2011-05
14288,2011-05
14289,2011-02
14290,2010-12
14291,2011-03
14292,2011-03
14293,2010-12
14295,2011-10
14297,2011-03
14298,2010-12
14299,2010-12
14300,2011-11
14301,2011-08
14304,2011-05
14305,2011-07
14306,2011-09
14307,2010-12
14309,2010-12
14311,2011-04
14312,2011-01
14314,2011-08
14315,2011-03
14317,2011-10
14320,2011-01
14321,2011-01
14323,2011-04
14326,2011-04
14327,2011-06
14329,2011-01
14331,2011-07
14332,2011-07
14333,2011-10
14334,2010-12
14335,2011-09
14336,2011-03
14338,2011-05
14339,2011-04
14340,2011-05
14341,2011-01
14342,2011-05
14344,2010-12
14345,2011-11
14346,2011-02
14348,2011-03
14349,2011-11
14350,2011-03
14351,2011-06
14352,2011-03
14353,2011-05
14354,2011-11
14355,2010-12
14356,2011-09
14357,2011-10
14359,2011-09
14360,2011-09
14362,2011-11
14364,2011-05
14367,2011-03
14368,2011-01
14371,2011-02
14373,2010-12
14375,2011-06
14377,2011-03
14379,2011-02
14381,2011-10
14382,2011-11
14383,2011-06
14385,2011-11
14386,2011-02
14387,2011-08
14388,2010-12
14389,2011-06
14390,2010-12
14393,2011-05
14395,2010-12
14396,2010-12
14397,2011-05
14400,2011-07
14401,2010-12
14403,2011-04
14404,2010-12
14406,2011-08
14407,2011-03
14408,2011-03
14409,2010-12
14410,2011-02
14411,2011-02
14412,2011-09
14413,2010-12
14414,2010-12
14415,2010-12
14416,2011-10
14418,2011-08
14419,2010-12
14420,2011-09
14421,2011-05
14422,2011-03
14423,2011-05
14424,2011-11
14426,2011-01
14427,2011-10
14428,2011-01
14431,2011-02
14432,2011-09
14434,2011-09
14436,2011-09
14437,2010-12
14438,2011-02
14439,2011-01
14440,2010-12
14441,2011-03
14442,2011-01
14443,2010-12
14446,2011-04
14447,2011-03
14448,2010-12
14449,2010-12
14450,2011-01
14451,2011-05
14452,2011-09
14453,2011-06
14456,2011-07
14457,2011-02
14459,2011-07
14460,2011-02
14461,2011-03
14462,2011-01
14463,2011-05
14465,2011-02
14466,2010-12
14467,2011-01
14470,2011-02
14472,2010-12
14473,2011-03
14474,2011-10
14475,2011-02
14476,2011-03
14477,2011-02
14479,2010-12
14480,2011-11
14481,2011-02
14482,2011-04
14483,2011-03
14484,2011-10
14485,2011-11
14487,2010-12
14488,2011-10
14489,2011-05
14491,2010-12
14493,2011-07
14494,2011-11
14495,2011-08
14496,2010-12
14497,2011-02
14498,2010-12
14499,2011-03
14500,2011-06
14501,2011-01
14502,2011-01
14503,2011-06
14504,2011-03
14505,2010-12
14506,2010-12
14507,2011-03
14508,2011-09
14511,2011-07
14512,2011-04
14513,2011-02
14514,2011-01
14515,2011-05
14517,2011-07
14518,2011-10
14520,2011-02
14522,2011-05
14523,2011-08
14524,2010-12
14525,2010-12
14527,2010-12
14528,2011-11
14529,2011-08
14530,2011-02
14532,2010-12
14533,2010-12
14534,2011-01
14535,2011-04
14536,2011-03
14537,2011-10
14538,2011-03
14539,2011-10
14540,2011-02
14541,2011-01
14542,2011-06
14543,2010-12
14544,2010-12
14546,2011-04
14547,2011-10
14548,2011-01
14549,2011-02
14550,2011-10
14551,2011-05
14552,2011-07
14553,2011-01
14554,2011-10
14555,2011-02
14557,2011-09
14560,2010-12
14561,2011-06
14562,2011-02
14565,2010-12
14566,2011-08
14567,2011-08
14569,2011-12
14570,2011-03
14572,2011-01
14573,2010-12
14576,2010-12
14577,2010-12
14578,2011-12
14581,2011-11
14582,2011-10
14583,2011-05
14584,2011-05
14585,2011-10
14586,2011-03
14587,2011-01
14589,2010-12
14591,2011-05
14592,2011-10
14593,2011-05
14594,2010-12
14595,2011-01
14597,2011-06
14598,2011-10
14600,2011-02
14601,2011-11
14603,2011-03
14606,2010-12
14607,2011-03
14608,2010-12
14609,2011-02
14616,2011-01
14618,2011-01
14619,2011-04
14620,2011-03
14621,2010-12
14622,2011-06
14623,2011-04
14624,2011-10
14625,2010-12
14626,2011-04
14628,2011-04
14629,2011-10
14631,2011-02
14632,2011-03
14633,2011-03
14636,2011-03
14638,2011-10
14639,2010-12
14640,2011-04
14641,2011-11
14642,2011-10
14643,2010-12
14644,2011-02
14645,2011-03
14646,2010-12
14647,2011-05
14649,2011-05
14651,2011-05
14652,2011-09
14653,2011-01
14655,2011-05
14656,2011-03
14657,2011-01
14658,2011-08
14659,2011-01
14660,2011-08
14661,2011-11
14662,2011-01
14664,2011-11
14665,2011-02
14666,2011-11
14667,2010-12
14669,2011-01
14670,2011-03
14672,2011-01
14673,2010-12
14675,2011-11
14676,2011-03
14680,2010-12
14681,2011-05
14682,2011-05
14684,2010-12
14687,2011-08
14688,2010-12
14689,2011-05
14690,2011-07
14691,2011-05
14692,2011-01
14693,2011-03
14696,2010-12
14697,2011-05
14698,2011-10
14699,2011-05
14700,2011-04
14701,2011-01
14702,2010-12
14703,2011-11
14704,2011-06
14705,2011-05
14708,2010-12
14709,2010-12
14710,2011-10
14711,2011-03
14712,2011-08
14713,2010-12
14714,2011-11
14715,2011-01
14716,2011-07
14719,2011-04
14720,2011-08
14722,2011-07
14723,2010-12
14725,2011-11
14727,2011-03
14729,2010-12
14730,2011-03
14731,2011-05
14732,2011-01
14733,2010-12
14735,2010-12
14737,2010-12
14738,2011-01
14739,2010-12
14740,2011-03
14741,2010-12
14744,2010-12
14745,2011-02
14747,2011-04
14748,2010-12
14752,2011-10
14753,2011-09
14754,2011-02
14755,2011-01
14756,2011-11
14757,2011-09
14758,2011-03
14759,2011-04
14760,2011-02
14761,2011-01
14762,2011-03
14764,2011-10
14765,2011-06
14766,2010-12
14768,2011-08
14769,2010-12
14770,2011-01
14772,2011-08
14775,2010-12
14776,2011-01
14778,2011-02
14779,2011-01
14780,2011-09
14782,2011-01
14784,2011-01
14785,2011-11
14788,2011-11
14789,2011-11
14790,2011-03
14792,2011-10
14793,2011-11
14794,2011-01
14795,2011-06
14796,2010-12
14798,2011-02
14799,2011-10
14800,2010-12
14801,2011-10
14803,2011-02
14804,2011-12
14805,2011-01
14806,2011-09
14808,2011-06
14810,2010-12
14813,2010-12
14815,2011-10
14816,2011-05
14817,2011-03
14818,2011-03
14819,2011-05
14820,2011-06
14821,2010-12
14823,2011-05
14824,2011-09
14825,2010-12
14828,2011-01
14829,2010-12
14830,2011-10
14834,2011-04
14836,2011-11
14837,2011-05
14840,2011-03
14841,2010-12
14842,2011-02
14844,2011-04
14847,2011-07
14849,2010-12
14850,2011-02
14851,2011-03
14852,2011-04
14853,2011-05
14854,2011-03
14855,2011-07
14856,2011-10
14857,2011-07
14859,2011-05
14860,2011-11
14861,2011-10
14862,2011-07
14863,2011-11
14865,2010-12
14866,2010-12
14867,2011-01
14868,2011-04
14869,2011-08
14870,2011-03
14871,2010-12
14873,2011-05
14875,2011-03
14878,2010-12
14880,2011-02
14881,2011-11
14882,2011-11
14883,2011-05
14885,2011-07
14886,2011-04
14887,2011-09
14888,2011-05
14889,2011-01
14890,2011-03
14891,2011-06
14893,2011-11
14894,2011-09
14895,2011-02
14896,2010-12
14897,2011-02
14898,2010-12
14901,2010-12
14902,2011-11
14903,2011-03
14904,2011-11
14905,2011-04
14907,2010-12
14908,2011-09
14910,2011-10
14911,2010-12
14912,2011-04
14913,2010-12
14915,2011-03
14916,2011-01
14918,2011-07
14920,2011-05
14921,2011-05
14923,2011-10
14924,2011-04
14929,2011-11
14930,2011-03
14931,2011-04
14932,2010-12
14934,2011-03
14935,2011-02
14936,2011-03
14937,2011-08
14944,2011-02
14946,2011-11
14947,2011-08
14948,2011-05
14950,2011-11
14951,2011-09
14952,2010-12
14953,2011-11
14954,2011-11
14957,2011-03
14958,2011-04
14959,2011-02
14960,2011-06
14961,2010-12
14962,2011-03
14963,2011-06
14964,2011-04
14965,2011-09
14966,2011-11
14967,2011-10
14968,2011-11
14970,2011-01
14971,2011-10
14972,2011-08
14973,2011-04
14974,2011-11
14975,2011-10
14976,2011-01
14978,2011-01
14981,2011-04
14984,2011-06
14985,2010-12
14987,2010-12
14988,2011-05
14995,2011-03
14997,2011-06
14998,2011-04
15000,2011-10
15002,2010-12
15004,2011-07
15005,2010-12
15006,2011-10
15007,2011-07
15009,2011-11
15010,2011-11
15012,2010-12
15014,2011-06
15016,2011-06
15017,2011-11
15018,2010-12
15019,2011-03
15021,2010-12
15022,2011-10
15023,2010-12
15024,2010-12
15025,2011-11
15026,2011-03
15027,2011-04
15028,2010-12
15030,2011-03
15031,2011-03
15032,2010-12
15033,2011-01
15034,2010-12
15035,2011-09
15036,2011-06
15038,2010-12
15039,2010-12
15041,2011-06
15042,2011-05
15043,2011-11
15044,2010-12
15045,2011-03
15046,2011-01
15047,2011-03
15048,2010-12
15049,2011-03
15050,2011-09
15051,2011-07
15052,2011-01
15053,2011-03
15054,2011-10
15057,2011-01
15058,2011-01
15059,2011-01
15060,2011-11
15061,2010-12
15062,2010-12
15063,2011-05
15065,2011-02
15066,2011-10
15067,2011-03
15068,2011-03
15069,2011-06
15070,2010-12
15071,2011-03
15073,2011-06
15074,2011-08
15075,2011-09
15076,2011-06
15078,2010-12
15079,2010-12
15081,2010-12
15083,2011-03
15087,2011-03
15088,2011-10
15089,2011-08
15090,2011-02
15091,2011-10
15092,2011-03
15093,2010-12
15095,2011-05
15096,2011-10
15097,2011-12
15098,2011-06
15099,2011-09
15100,2010-12
15101,2010-12
15103,2011-09
15104,2011-03
15105,2011-07
15106,2011-03
15107,2010-12
15108,2011-04
15109,2011-04
15110,2011-01
15111,2010-12
15113,2011-10
15114,2011-02
15115,2011-11
15116,2011-05
15117,2011-05
15118,2011-07
15119,2011-04
15120,2011-07
15121,2011-02
15122,2011-02
15123,2011-05
15124,2011-06
15125,2011-03
15127,2011-10
15128,2011-05
15129,2011-02
15130,2011-06
15132,2011-03
15133,2011-02
15134,2011-04
15135,2011-04
15136,2011-09
15139,2011-01
15140,2011-03
15142,2011-10
15143,2011-04
15144,2011-01
15145,2011-04
15146,2011-02
15147,2011-04
15148,2011-11
15149,2011-07
15150,2011-03
15152,2011-06
15153,2011-11
15154,2011-09
15156,2011-11
15157,2010-12
15158,2011-10
15159,2010-12
15160,2010-12
15163,2011-05
15164,2011-01
15165,2010-12
15167,2011-01
15168,2011-11
15171,2011-01
15172,2011-04
15174,2011-01
15175,2011-09
15178,2011-03
15179,2011-01
15180,2010-12
15181,2011-03
15182,2011-03
15184,2011-06
15185,2011-09
15186,2011-06
15187,2011-05
15189,2011-01
15192,2010-12
15193,2011-10
15194,2010-12
15195,2011-12
15197,2010-12
15198,2011-08
15199,2011-02
15201,2011-04
15203,2011-02
15204,2010-12
15205,2011-08
15206,2011-03
15208,2010-12
15210,2011-04
15211,2010-12
15212,2011-04
15213,2011-01
15214,2011-04
15215,2011-09
15216,2011-09
15218,2011-01
15219,2011-06
15220,2011-03
15221,2010-12
15222,2011-01
15223,2011-04
15224,2010-12
15225,2011-04
15226,2011-02
15227,2011-01
15228,2011-02
15230,2011-04
15232,2011-07
15234,2011-03
15235,2010-12
15236,2011-02
15237,2011-04
15238,2011-06
15239,2011-09
15240,2011-02
15241,2011-03
15243,2011-09
15244,2011-04
15245,2011-03
15246,2010-12
15247,2011-08
15249,2011-03
15251,2011-04
15252,2011-06
15253,2011-06
15254,2011-08
15255,2011-10
15256,2011-07
15257,2011-03
15258,2011-05
15260,2010-12
15261,2011-07
15262,2011-01
15263,2011-08
15264,2011-10
15265,2011-04
15266,2011-01
15267,2011-06
15269,2011-11
15270,2011-02
15271,2010-12
15272,2011-09
15274,2011-11
15275,2011-11
15276,2011-10
15277,2011-10
15279,2010-12
15280,2011-06
15281,2011-01
15286,2011-10
15287,2011-09
15288,2010-12
15289,2011-04
15290,2010-12
15291,2010-12
15292,2011-05
15296,2011-01
15297,2011-10
15298,2010-12
15299,2010-12
15300,2011-10
15301,2010-12
15303,2011-02
15304,2010-12
15306,2011-07
15307,2011-09
15308,2011-03
15311,2010-12
15312,2010-12
15313,2011-08
15314,2011-05
15315,2011-08
15316,2011-01
15318,2011-12
15319,2011-03
15320,2011-10
15321,2011-02
15322,2011-09
15325,2011-08
15326,2011-01
15327,2011-10
15329,2011-06
15330,2011-10
15332,2010-12
15333,2011-05
15334,2011-06
15335,2011-10
15339,2011-01
15341,2011-09
15342,2011-08
15343,2011-09
15344,2011-09
15345,2011-10
15346,2011-01
15347,2010-12
15348,2011-09
15349,2011-06
15350,2010-12
15351,2010-12
15353,2010-12
15355,2011-10
15356,2010-12
15358,2010-12
15360,2011-10
15361,2010-12
15363,2010-12
15364,2011-03
15365,2011-01
15366,2010-12
15367,2011-03
15368,2011-11
15370,2011-01
15372,2011-07
15373,2010-12
15374,2011-08
15376,2011-05
15379,2010-12
15380,2010-12
15381,2011-03
15382,2011-02
15384,2010-12
15385,2011-10
15386,2011-06
15388,2011-03
15389,2011-06
15392,2010-12
15393,2011-03
15394,2010-12
15395,2011-01
15396,2011-08
15397,2011-02
15398,2011-09
15399,2011-09
15400,2011-03
15402,2011-05
15405,2011-06
15406,2011-02
15407,2011-02
15408,2011-03
15410,2011-03
15411,2011-06
15412,2011-06
15414,2011-04
15415,2011-01
15416,2011-03
15417,2011-09
15419,2011-11
15421,2011-02
15422,2011-01
15423,2011-11
15424,2011-03
15426,2010-12
15427,2011-10
15428,2011-11
15429,2011-09
15432,2011-11
15433,2011-03
15434,2011-05
15435,2011-11
15436,2011-04
15437,2011-03
15438,2011-07
15440,2011-05
15442,2011-04
15443,2011-01
15444,2011-10
15445,2011-03
15447,2011-01
15448,2011-01
15449,2011-03
15450,2011-11
15452,2011-03
15453,2011-06
15454,2010-12
15456,2010-12
15457,2011-03
15458,2011-11
15460,2010-12
15462,2011-06
15463,2011-11
15464,2011-01
15465,2010-12
15466,2011-09
15467,2011-07
15468,2011-10
15469,2011-08
15471,2011-12
15472,2011-08
15473,2011-10
15475,2011-09
15478,2011-10
15480,2011-08
15482,2010-12
15483,2011-03
15484,2011-09
15485,2010-12
15488,2011-09
15489,2011-05
15491,2011-04
15492,2011-09
15493,2011-03
15494,2011-08
15497,2011-01
15498,2010-12
15500,2011-09
15502,2010-12
15503,2010-12
15504,2011-09
15505,2011-07
15506,2011-07
15507,2011-06
15508,2011-04
15510,2011-01
15511,2011-09
15512,2010-12
15513,2010-12
15514,2010-12
15516,2011-10
15517,2011-04
15518,2011-01
15520,2011-12
15521,2011-03
15522,2011-09
15523,2011-09
15524,2011-11
15525,2010-12
15526,2011-11
15527,2010-12
15528,2011-03
15529,2010-12
15530,2011-04
15531,2011-11
15532,2010-12
15533,2011-09
15535,2011-01
15537,2011-06
15539,2011-12
15540,2011-11
15541,2011-08
15543,2011-02
15544,2010-12
15545,2010-12
15547,2010-12
15549,2011-01
15550,2011-02
15551,2011-11
15552,2011-05
15553,2011-10
15554,2011-03
15555,2010-12
15556,2011-11
15557,2011-11
15561,2011-05
15562,2010-12
15563,2010-12
15565,2011-09
15567,2011-11
15568,2011-09
15569,2011-01
15570,2010-12
15571,2011-09
15572,2011-03
15573,2011-09
15574,2010-12
15576,2011-11
15577,2011-02
15578,2011-06
15579,2011-01
15581,2010-12
15582,2011-05
15584,2011-06
15585,2011-06
15587,2010-12
15589,2011-02
15592,2011-10
15593,2011-09
15594,2011-04
15596,2010-12
15597,2011-11
15598,2011-10
15599,2011-05
15601,2010-12
15602,2010-12
15603,2011-09
15604,2011-10
15605,2010-12
15606,2011-01
15607,2011-01
15608,2011-08
15609,2011-06
15610,2011-10
15611,2011-01
15612,2011-10
15615,2010-12
15618,2011-07
15619,2011-11
15620,2010-12
15621,2011-11
15622,2011-03
15623,2011-07
15624,2011-03
15625,2011-04
15626,2011-01
15628,2010-12
15630,2011-05
15632,2011-03
15634,2011-11
15636,2011-03
15637,2011-10
15639,2011-07
15640,2010-12
15641,2010-12
15643,2011-03
15644,2011-03
15645,2011-11
15646,2010-12
15648,2011-03
15649,2010-12
15651,2011-03
15652,2011-09
15653,2011-08
15654,2011-11
15655,2011-04
15656,2011-02
15657,2011-11
15658,2010-12
15659,2011-10
15660,2010-12
15661,2011-01
15663,2011-08
15664,2011-10
15665,2011-04
15667,2011-10
15668,2011-05
15669,2011-03
15670,2011-02
15671,2011-03
15673,2011-01
15674,2011-03
15675,2011-03
15676,2011-03
15677,2011-10
15678,2011-10
15679,2011-06
15680,2010-12
15681,2011-03
15683,2011-08
15687,2011-01
15689,2010-12
15690,2011-08
15691,2011-04
15692,2011-11
15694,2010-12
15695,2011-03
15696,2011-01
15699,2011-11
15700,2011-06
15701,2011-08
15703,2011-03
15704,2011-05
15705,2011-05
15706,2011-08
15707,2011-09
15708,2010-12
15709,2011-03
15712,2011-02
15713,2010-12
15714,2011-09
15716,2010-12
15717,2011-04
15719,2011-01
15720,2011-11
15721,2011-11
15722,2011-02
15723,2010-12
15724,2011-02
15725,2011-11
15727,2010-12
15729,2011-05
15730,2011-05
15732,2010-12
15733,2011-03
15734,2011-05
15737,2011-04
15738,2010-12
15739,2011-10
15740,2011-10
15743,2011-06
15744,2011-09
15745,2011-04
15746,2011-07
15747,2011-06
15748,2011-10
15749,2011-01
15750,2010-12
15752,2010-12
15753,2011-02
15754,2011-04
15755,2011-02
15756,2011-04
15757,2011-05
15758,2011-11
15759,2010-12
15762,2011-09
15763,2011-09
15764,2011-03
15766,2011-10
15768,2011-04
15769,2010-12
15773,2011-12
15774,2011-10
15775,2011-04
15776,2011-07
15777,2010-12
15780,2010-12
15781,2011-02
15782,2011-09
15783,2011-11
15785,2011-02
15786,2011-08
15787,2011-10
15789,2010-12
15790,2011-11
15791,2011-05
15793,2011-03
15795,2011-07
15796,2011-02
15797,2011-01
15799,2011-01
15800,2011-04
15801,2011-08
15802,2011-07
15803,2011-10
15804,2011-05
15805,2010-12
15806,2011-03
15807,2011-09
15808,2010-12
15809,2011-02
15810,2011-02
15811,2010-12
15812,2011-01
15813,2011-04
15814,2011-10
15815,2011-03
15819,2011-03
15820,2011-01
15821,2011-10
15822,2010-12
15823,2010-12
15825,2011-06
15826,2011-05
15827,2010-12
15829,2011-07
15830,2011-11
15831,2011-01
15832,2011-03
15834,2011-03
15835,2011-01
15836,2011-10
15837,2011-10
15838,2010-12
15839,2011-07
15840,2011-06
15841,2011-01
15843,2011-02
15844,2011-10
15845,2011-01
15847,2011-02
15850,2011-06
15852,2011-05
15853,2011-10
15854,2010-12
15855,2011-03
15856,2010-12
15857,2011-11
15858,2010-12
15860,2010-12
15861,2011-03
15862,2010-12
15863,2011-05
15864,2011-01
15865,2011-05
15866,2011-08
15867,2010-12
15869,2011-03
15870,2011-11
15872,2011-11
15874,2011-02
15877,2011-11
15880,2010-12
15881,2010-12
15882,2010-12
15883,2011-11
15885,2011-02
15886,2011-10
15888,2011-09
15889,2010-12
15891,2011-04
15894,2010-12
15895,2011-07
15897,2011-05
15898,2010-12
15899,2010-12
15900,2011-11
15901,2011-07
15903,2011-02
15904,2011-12
15906,2011-03
15907,2011-05
15909,2011-06
15910,2011-01
15912,2011-04
15916,2010-12
15917,2011-04
15918,2011-03
15919,2010-12
15920,2011-07
15921,2011-06
15922,2010-12
15923,2010-12
15925,2011-05
15930,2011-10
15932,2011-02
15933,2011-09
15935,2011-04
15937,2011-10
15938,2011-01
15939,2011-01
15940,2011-02
15942,2011-07
15944,2011-03
15945,2010-12
15947,2011-09
15948,2011-10
15949,2011-09
15950,2010-12
15951,2011-02
15952,2011-04
15953,2010-12
15955,2010-12
15957,2011-11
15958,2011-09
15963,2011-10
15965,2010-12
15967,2011-01
15969,2011-06
15970,2011-02
15971,2011-02
15973,2010-12
15974,2011-02
15975,2011-09
15976,2011-05
15977,2011-10
15978,2011-09
15980,2011-03
15981,2011-02
15983,2010-12
15984,2010-12
15985,2011-04
15986,2011-11
15987,2010-12
15988,2011-11
15990,2011-02
15992,2011-12
15993,2011-10
15994,2011-10
15996,2010-12
15998,2010-12
16000,2011-12
16003,2010-12
16005,2011-03
16006,2011-05
16007,2011-05
16008,2011-05
16009,2011-07
16010,2010-12
16011,2010-12
16012,2011-07
16013,2010-12
16014,2011-02
16015,2011-10
16016,2010-12
16017,2011-10
16018,2011-06
16019,2010-12
16020,2011-10
16022,2011-03
16023,2011-03
16024,2011-11
16025,2011-11
16026,2011-10
16027,2011-02
16029,2010-12
16030,2011-02
16031,2011-04
16033,2010-12
16034,2011-01
16036,2011-03
16037,2010-12
16038,2011-05
16040,2011-03
16041,2011-07
16042,2011-01
16043,2011-01
16045,2011-02
16048,2010-12
16049,2011-09
16050,2011-06
16052,2011-10
16053,2011-08
16054,2011-07
16055,2011-05
16056,2011-10
16057,2011-02
16059,2010-12
16062,2010-12
16063,2011-03
16065,2010-12
16066,2011-08
16070,2011-11
16071,2011-10
16072,2011-02
16073,2011-02
16076,2011-05
16078,2011-03
16079,2011-10
16080,2011-03
16081,2010-12
16083,2010-12
16084,2011-02
16085,2011-01
16086,2010-12
16091,2011-05
16092,2011-03
16093,2011-08
16094,2011-05
16096,2011-03
16097,2011-04
16098,2010-12
16099,2011-04
16101,2011-09
16102,2011-08
16103,2011-04
16104,2011-10
16105,2011-04
16106,2011-10
16107,2011-06
16108,2011-09
16109,2011-02
16110,2011-02
16112,2011-01
16113,2011-06
16114,2011-06
16115,2011-02
16116,2011-05
16117,2011-06
16119,2011-09
16120,2011-10
16121,2011-05
16122,2010-12
16123,2011-10
16124,2011-01
16125,2010-12
16126,2011-02
16127,2011-10
16128,2011-03
16131,2011-04
16133,2011-01
16134,2010-12
16135,2011-03
16136,2011-03
16139,2011-05
16140,2010-12
16141,2011-09
16142,2011-04
16143,2010-12
16144,2011-04
16145,2010-12
16146,2011-04
16147,2011-07
16148,2011-02
16149,2011-07
16150,2010-12
16152,2011-03
16153,2010-12
16156,2011-02
16157,2011-09
16159,2011-03
16160,2011-09
16161,2010-12
16162,2011-04
16163,2010-12
16164,2011-10
16168,2010-12
16169,2011-09
16170,2011-04
16171,2011-10
16172,2011-04
16173,2011-09
16174,2011-07
16175,2011-04
16177,2011-10
16178,2011-07
16179,2011-10
16180,2011-04
16181,2011-09
16182,2011-02
16183,2011-10
16184,2011-05
16185,2011-04
16186,2010-12
16187,2011-02
16188,2011-04
16189,2011-09
16190,2011-10
16191,2010-12
16193,2011-04
16198,2011-09
16200,2011-06
16201,2011-08
16202,2010-12
16203,2010-12
16204,2011-11
16205,2011-06
16206,2011-01
16207,2011-11
16208,2011-02
16209,2011-04
16210,2010-12
16211,2011-09
16212,2011-03
16213,2011-09
16214,2011-03
16215,2011-09
16216,2011-03
16217,2011-03
16218,2010-12
16221,2010-12
16222,2011-01
16224,2011-04
16225,2011-03
16226,2011-04
16227,2011-04
16229,2011-05
16230,2011-05
16232,2011-05
16233,2010-12
16235,2011-01
16236,2011-09
16239,2011-06
16240,2011-09
16241,2010-12
16242,2011-03
16243,2011-10
16244,2010-12
16245,2011-03
16247,2011-06
16248,2011-10
16249,2011-04
16250,2010-12
16253,2011-03
16255,2010-12
16256,2011-03
16257,2011-06
16258,2011-05
16260,2011-10
16261,2011-04
16265,2010-12
16266,2011-05
16268,2011-09
16270,2010-12
16271,2010-12
16272,2011-08
16274,2010-12
16275,2011-05
16276,2011-06
16278,2011-08
16279,2011-06
16281,2011-09
16282,2011-01
16283,2011-05
16284,2011-10
16287,2011-06
16292,2011-08
16293,2010-12
16295,2011-10
16297,2011-03
16298,2011-06
16302,2011-08
16303,2011-01
16305,2011-07
16306,2010-12
16308,2011-03
16309,2011-04
16311,2011-10
16313,2011-10
16315,2011-01
16316,2010-12
16317,2011-02
16318,2011-11
16319,2011-05
16320,2011-05
16321,2011-01
16322,2011-11
16323,2011-05
16324,2011-06
16325,2011-04
16326,2011-01
16327,2010-12
16330,2011-08
16332,2011-02
16333,2011-02
16337,2011-11
16338,2011-07
16339,2011-02
16340,2011-08
16341,2011-05
16342,2011-06
16343,2011-11
16344,2011-07
16345,2011-10
16347,2011-11
16348,2011-04
16349,2011-02
16350,2011-01
16351,2011-01
16352,2011-11
16353,2010-12
16354,2011-09
16356,2011-03
16357,2011-05
16358,2011-06
16359,2011-01
16360,2011-09
16361,2011-09
16362,2011-09
16363,2011-10
16364,2011-07
16365,2010-12
16366,2011-11
16367,2010-12
16368,2011-11
16369,2011-05
16370,2011-04
16372,2011-11
16374,2011-03
16376,2011-11
16377,2011-03
16378,2011-02
16379,2011-09
16380,2011-10
16383,2011-03
16384,2011-03
16385,2010-12
16386,2011-03
16387,2011-01
16389,2011-03
16392,2011-03
16393,2010-12
16394,2011-02
16395,2011-01
16398,2011-03
16399,2011-04
16400,2011-09
16401,2011-01
16402,2010-12
16403,2011-01
16404,2011-09
16405,2011-02
16406,2011-11
16407,2011-01
16409,2011-01
16411,2010-12
16412,2011-10
16413,2011-10
16414,2011-03
16415,2011-10
16416,2011-10
16418,2011-04
16419,2011-02
16422,2010-12
16423,2011-11
16424,2011-06
16425,2011-02
16426,2011-03
16427,2011-02
16429,2011-08
16430,2011-10
16431,2011-02
16432,2011-10
16433,2011-11
16434,2011-02
16438,2011-09
16440,2011-05
16441,2011-02
16442,2010-12
16444,2011-03
16445,2011-11
16446,2011-05
16447,2011-07
16448,2011-05
16449,2011-03
16450,2011-07
16451,2011-09
16454,2011-10
16455,2010-12
16456,2010-12
16457,2011-05
16458,2010-12
16460,2011-09
16461,2011-06
16462,2011-03
16463,2011-05
16464,2011-07
16466,2011-02
16468,2011-09
16469,2011-04
16470,2010-12
16471,2011-03
16473,2011-01
16474,2011-07
16475,2011-03
16477,2010-12
16478,2011-10
16479,2011-11
16480,2011-09
16482,2011-11
16483,2011-05
16484,2011-06
16485,2011-09
16488,2011-07
16491,2011-10
16493,2011-01
16494,2011-02
16495,2011-03
16496,2011-01
16497,2011-01
16498,2011-06
16499,2010-12
16500,2011-01
16503,2010-12
16504,2011-11
16505,2011-11
16506,2011-10
16509,2011-02
16510,2010-12
16511,2011-03
16513,2011-10
16515,2011-02
16516,2011-11
16517,2011-03
16518,2011-02
16519,2010-12
16520,2010-12
16523,2011-01
16525,2010-12
16526,2011-06
16527,2011-09
16528,2011-12
16529,2011-06
16531,2010-12
16532,2011-01
16533,2011-10
16535,2011-12
16536,2011-08
16539,2010-12
16542,2011-10
16545,2011-06
16546,2010-12
16549,2011-01
16550,2010-12
16551,2011-01
16552,2010-12
16553,2010-12
16554,2011-01
16555,2011-08
16556,2010-12
16557,2011-07
16558,2010-12
16560,2010-12
16561,2011-10
16563,2011-10
16565,2010-12
16566,2011-02
16567,2011-01
16569,2011-12
16570,2011-02
16571,2011-03
16572,2011-03
16573,2011-02
16574,2011-09
16581,2011-06
16582,2011-08
16583,2010-12
16584,2011-03
16586,2011-04
16587,2011-04
16589,2011-07
16591,2011-10
16592,2011-02
16593,2011-01
16594,2011-09
16595,2011-10
16596,2010-12
16597,2011-12
16598,2011-02
16600,2011-01
16601,2011-10
16602,2011-11
16603,2011-09
16607,2010-12
16609,2011-04
16610,2011-05
16611,2011-06
16612,2011-02
16613,2011-09
16614,2011-06
16616,2011-07
16617,2011-04
16618,2011-01
16619,2011-03
16620,2011-03
16621,2011-03
16623,2011-04
16624,2011-05
16625,2011-03
16626,2011-03
16627,2011-09
16628,2011-04
16629,2011-09
16633,2011-04
16634,2010-12
16637,2011-04
16638,2010-12
16639,2011-04
16641,2011-08
16642,2011-05
16643,2011-04
16644,2011-05
16647,2011-05
16648,2011-10
16650,2011-09
16652,2011-03
16653,2011-09
16654,2010-12
16655,2011-01
16656,2010-12
16657,2011-03
16658,2010-12
16659,2011-06
16660,2011-01
16665,2010-12
16666,2011-11
16667,2011-02
16668,2011-02
16669,2011-09
16670,2010-12
16671,2011-06
16672,2011-03
16674,2011-09
16676,2011-01
16678,2011-03
16679,2010-12
16680,2011-10
16681,2011-03
16682,2011-06
16684,2010-12
16685,2011-10
16686,2010-12
16688,2011-10
16689,2011-09
16690,2011-05
16692,2011-02
16693,2011-03
16696,2011-04
16697,2011-04
16698,2011-03
16700,2010-12
16701,2010-12
16705,2010-12
16706,2011-08
16708,2011-10
16709,2011-03
16710,2010-12
16711,2010-12
16712,2011-03
16713,2010-12
16714,2011-01
16715,2011-09
16716,2011-02
16717,2010-12
16718,2010-12
16719,2010-12
16720,2011-11
16721,2011-03
16722,2010-12
16723,2011-08
16725,2010-12
16726,2010-12
16727,2010-12
16728,2011-03
16729,2011-04
16730,2011-01
16732,2011-11
16734,2011-08
16735,2011-01
16737,2011-10
16738,2011-02
16739,2011-06
16742,2011-10
16743,2010-12
16744,2011-06
16745,2011-02
16746,2010-12
16747,2011-10
16748,2011-01
16750,2011-04
16751,2011-11
16752,2010-12
16753,2011-10
16754,2010-12
16755,2011-01
16756,2011-05
16757,2011-01
16758,2011-10
16759,2011-11
16761,2011-09
16762,2011-07
16763,2011-05
16764,2011-07
16765,2011-02
16766,2011-03
16767,2011-01
16768,2011-03
16769,2011-03
16770,2010-12
16771,2011-01
16773,2011-10
16774,2011-06
16775,2010-12
16776,2011-10
16777,2011-03
16778,2011-03
16779,2010-12
16780,2011-03
16781,2010-12
16782,2010-12
16784,2011-11
16788,2011-03
16789,2011-12
16790,2011-11
16791,2011-01
16792,2011-03
16793,2011-10
16794,2011-06
16795,2010-12
16796,2011-09
16800,2011-11
16801,2011-03
16803,2011-10
16804,2011-03
16805,2010-12
16806,2011-04
16807,2011-03
16808,2011-03
16809,2011-03
16810,2011-05
16811,2011-11
16812,2010-12
16813,2011-05
16814,2010-12
16816,2010-12
16817,2010-12
16818,2011-05
16820,2011-09
16823,2011-04
16824,2011-06
16825,2011-06
16826,2011-10
16828,2011-08
16829,2011-07
16830,2011-11
16832,2011-05
16833,2011-01
16834,2011-04
16835,2010-12
16836,2011-08
16837,2011-04
16838,2011-02
16839,2010-12
16841,2011-02
16842,2011-02
16843,2011-01
16846,2011-10
16847,2011-10
16848,2011-10
16849,2011-06
16850,2011-01
16851,2011-10
16852,2011-06
16855,2011-10
16856,2011-11
16858,2010-12
16859,2011-03
16861,2011-07
16863,2010-12
16866,2011-07
16869,2011-06
16871,2011-03
16872,2011-06
16873,2010-12
16875,2011-01
16877,2011-05
16878,2011-09
16880,2011-06
16881,2011-10
16882,2011-01
16883,2010-12
16884,2011-11
16885,2010-12
16887,2011-11
16889,2011-01
16891,2010-12
16892,2011-06
16893,2010-12
16895,2011-10
16897,2011-01
16898,2010-12
16899,2010-12
16900,2011-10
16902,2011-08
16903,2011-11
16904,2010-12
16905,2010-12
16906,2011-04
16907,2010-12
16909,2011-09
16910,2011-09
16912,2011-01
16913,2011-02
16914,2011-11
16915,2011-03
16916,2010-12
16917,2011-03
16918,2011-01
16919,2010-12
16921,2011-10
16923,2010-12
16924,2011-09
16926,2010-12
16927,2010-12
16928,2010-12
16929,2011-07
16930,2011-10
16931,2010-12
16932,2011-10
16933,2011-04
16934,2011-10
16936,2011-11
16938,2011-02
16940,2011-02
16942,2011-04
16943,2011-01
16945,2010-12
16947,2011-04
16948,2011-01
16949,2011-01
16950,2010-12
16951,2011-02
16952,2011-08
16953,2011-11
16954,2010-12
16955,2010-12
16956,2011-11
16957,2011-03
16959,2011-09
16960,2011-04
16961,2011-08
16963,2011-06
16965,2011-04
16966,2011-04
16967,2011-06
16968,2011-08
16969,2011-06
16971,2011-11
16976,2011-03
16978,2011-09
16979,2011-02
16980,2011-02
16982,2011-10
16983,2010-12
16984,2011-08
16985,2010-12
16986,2011-11
16987,2011-05
16988,2011-12
16989,2011-07
16990,2011-05
16992,2011-02
16996,2010-12
16997,2011-01
16998,2011-02
16999,2011-09
17001,2010-12
17002,2011-02
17004,2011-09
17006,2011-09
17007,2010-12
17010,2011-11
17011,2011-11
17014,2011-10
17015,2011-06
17017,2010-12
17018,2011-01
17019,2010-12
17022,2011-11
17024,2011-07
17025,2010-12
17026,2010-12
17027,2011-01
17029,2011-04
17030,2011-10
17031,2011-07
17033,2010-12
17034,2011-02
17035,2011-02
17037,2011-09
17038,2011-11
17040,2011-07
17041,2010-12
17042,2011-04
17043,2011-03
17044,2011-11
17045,2011-04
17046,2011-07
17047,2011-05
17048,2011-01
17049,2011-03
17050,2011-02
17051,2011-05
17052,2011-11
17053,2011-08
17054,2011-04
17058,2011-04
17059,2010-12
17060,2011-03
17061,2011-04
17062,2010-12
17063,2011-02
17064,2011-01
17068,2010-12
17069,2010-12
17070,2011-08
17071,2011-02
17073,2011-08
17075,2011-01
17076,2010-12
17078,2011-11
17079,2011-09
17080,2011-03
17081,2011-10
17082,2011-01
17083,2011-02
17084,2011-11
17085,2010-12
17086,2011-10
17088,2011-03
17090,2010-12
17091,2010-12
17092,2011-03
17094,2011-01
17095,2011-01
17096,2011-03
17097,2010-12
17100,2011-11
17101,2011-06
17102,2011-03
17105,2011-02
17107,2011-03
17109,2011-04
17110,2011-06
17111,2011-10
17114,2011-01
17115,2011-04
17117,2011-02
17118,2011-01
17119,2011-10
17120,2011-04
17122,2011-08
17123,2011-07
17124,2011-06
17125,2011-10
17126,2010-12
17128,2011-01
17131,2011-09
17133,2011-03
17134,2011-03
17135,2010-12
17138,2011-03
17139,2011-02
17140,2011-04
17142,2011-04
17144,2011-09
17146,2010-12
17147,2011-02
17148,2011-10
17152,2011-03
17153,2011-11
17154,2011-09
17155,2011-06
17157,2011-06
17158,2010-12
17159,2011-06
17160,2011-04
17162,2011-02
17163,2011-09
17164,2011-03
17165,2011-02
17166,2011-05
17169,2011-06
17171,2011-02
17172,2011-09
17173,2011-07
17174,2011-05
17175,2011-02
17176,2011-05
17179,2010-12
17180,2011-01
17181,2010-12
17183,2011-08
17186,2011-10
17187,2011-04
17188,2010-12
17189,2010-12
17190,2011-05
17191,2010-12
17193,2011-06
17194,2010-12
17197,2011-11
17198,2010-12
17201,2011-10
17203,2011-10
17204,2011-03
17205,2011-10
17206,2011-10
17211,2010-12
17212,2011-03
17213,2010-12
17214,2010-12
17217,2011-04
17218,2010-12
17219,2011-11
17220,2010-12
17221,2011-11
17222,2011-10
17223,2010-12
17226,2011-02
17227,2010-12
17228,2010-12
17229,2011-07
17230,2010-12
17231,2010-12
17232,2011-11
17233,2011-11
17234,2011-06
17235,2010-12
17236,2010-12
17237,2011-11
17238,2010-12
17239,2011-01
17242,2011-06
17243,2010-12
17244,2011-10
17245,2011-05
17247,2011-11
17248,2011-08
17250,2011-03
17251,2010-12
17252,2011-06
17253,2011-11
17254,2011-11
17255,2011-02
17256,2011-01
17259,2010-12
17262,2010-12
17263,2011-05
17265,2011-06
17266,2011-07
17267,2011-08
17268,2011-04
17272,2011-03
17274,2011-11
17277,2011-01
17278,2011-04
17279,2011-10
17282,2011-02
17284,2011-01
17286,2011-11
17287,2010-12
17288,2010-12
17289,2011-06
17290,2011-11
17291,2011-02
17293,2010-12
17295,2011-10
17297,2011-11
17298,2011-08
17299,2011-06
17301,2011-11
17302,2011-02
17303,2010-12
17306,2010-12
17309,2011-09
17311,2011-01
17312,2011-07
17313,2011-11
17314,2011-01
17315,2010-12
17317,2011-09
17320,2010-12
17321,2011-10
17323,2011-02
17324,2010-12
17325,2011-03
17329,2011-01
17330,2011-10
17331,2011-08
17333,2011-09
17334,2011-02
17337,2011-02
17338,2010-12
17339,2010-12
17340,2010-12
17341,2010-12
17343,2010-12
17344,2011-10
17345,2011-05
17346,2010-12
17347,2011-09
17348,2011-02
17349,2011-06
17350,2011-10
17351,2011-03
17353,2011-07
17354,2011-10
17356,2011-02
17357,2011-11
17358,2010-12
17359,2011-11
17360,2011-06
17361,2011-02
17362,2011-02
17364,2011-01
17365,2011-01
17367,2011-04
17368,2011-01
17370,2011-06
17371,2010-12
17372,2010-12
17373,2011-01
17374,2011-03
17375,2010-12
17376,2011-02
17377,2010-12
17379,2011-11
17381,2010-12
17382,2011-10
17383,2011-12
17384,2011-05
17385,2011-11
17386,2011-06
17387,2011-11
17388,2011-02
17389,2011-01
17391,2011-06
17392,2010-12
17394,2011-05
17396,2010-12
17397,2011-11
17398,2011-03
17400,2010-12
17402,2010-12
17403,2011-11
17404,2010-12
17405,2011-07
17406,2010-12
17408,2011-06
17409,2011-04
17410,2011-05
17411,2011-03
17412,2010-12
17414,2011-06
17415,2011-09
17416,2011-03
17418,2011-01
17419,2010-12
17420,2010-12
17422,2011-02
17423,2011-05
17425,2011-10
17426,2011-03
17427,2011-09
17428,2010-12
17429,2011-05
17430,2010-12
17431,2011-01
17432,2011-11
17433,2011-09
17434,2011-09
17436,2011-04
17438,2011-03
17440,2011-04
17442,2011-02
17443,2011-05
17444,2011-06
17446,2011-02
17447,2011-09
17449,2010-12
17450,2010-12
17451,2011-08
17453,2011-10
17454,2010-12
17455,2011-05
17456,2010-12
17457,2011-01
17458,2011-11
17459,2011-10
17460,2010-12
17461,2011-11
17462,2011-02
17463,2011-01
17464,2011-07
17466,2011-09
17468,2011-11
17469,2011-05
17470,2010-12
17472,2011-02
17475,2011-09
17480,2011-09
17481,2011-09
17483,2011-06
17486,2011-03
17489,2011-05
17490,2011-06
17491,2010-12
17492,2011-04
17495,2011-11
17496,2010-12
17498,2011-09
17499,2011-02
17500,2011-11
17501,2011-05
17502,2011-11
17503,2011-11
17504,2011-01
17505,2011-05
17506,2011-09
17507,2011-02
17508,2011-03
17509,2011-10
17510,2011-11
17511,2010-12
17512,2011-02
17513,2011-09
17514,2011-08
17515,2011-01
17516,2011-02
17517,2011-02
17519,2010-12
17520,2011-10
17521,2011-05
17522,2011-05
17523,2011-11
17524,2010-12
17525,2010-12
17526,2010-12
17527,2011-05
17528,2011-09
17530,2010-12
17531,2011-06
17534,2011-10
17535,2011-03
17536,2011-06
17537,2011-02
17538,2011-11
17540,2011-01
17542,2011-03
17545,2011-10
17548,2011-04
17549,2011-10
17550,2011-04
17551,2010-12
17552,2010-12
17553,2011-08
17554,2011-07
17555,2011-01
17556,2011-05
17557,2011-09
17560,2011-02
17561,2011-11
17562,2011-06
17564,2011-09
17566,2011-11
17567,2010-12
17569,2011-01
17571,2011-02
17572,2010-12
17573,2011-09
17574,2011-04
17576,2010-12
17578,2011-05
17579,2011-06
17580,2010-12
17581,2010-12
17582,2011-04
17584,2011-08
17585,2011-01
17588,2011-04
17589,2011-04
17590,2011-10
17591,2010-12
17593,2010-12
17594,2011-03
17595,2011-11
17596,2010-12
17597,2011-05
17600,2011-11
17601,2011-04
17602,2011-01
17603,2011-09
17604,2011-01
17608,2011-11
17609,2011-01
17611,2010-12
17612,2011-02
17613,2011-02
17614,2011-10
17615,2011-05
17616,2010-12
17618,2010-12
17619,2011-01
17620,2011-10
17621,2010-12
17623,2011-11
17624,2011-05
17625,2011-03
17628,2011-09
17629,2010-12
17630,2011-04
17631,2011-04
17633,2011-08
17634,2011-01
17636,2011-11
17637,2011-08
17639,2011-03
17640,2011-09
17642,2011-06
17643,2010-12
17644,2011-03
17646,2010-12
17647,2011-10
17648,2011-04
17649,2011-07
17650,2011-11
17651,2011-06
17652,2011-03
17653,2011-08
17654,2011-03
17655,2010-12
17656,2011-08
17658,2011-05
17659,2010-12
17660,2011-07
17663,2011-02
17664,2011-05
17666,2011-10
17667,2011-02
17668,2011-11
17669,2011-04
17670,2011-04
17671,2010-12
17672,2011-02
17673,2011-01
17674,2010-12
17675,2010-12
17676,2010-12
17677,2010-12
17678,2011-03
17679,2011-09
17680,2011-11
17682,2010-12
17684,2011-10
17685,2010-12
17686,2011-02
17690,2010-12
17691,2010-12
17692,2010-12
17693,2011-07
17694,2011-07
17695,2011-06
17696,2010-12
17697,2011-04
17698,2011-03
17700,2011-03
17701,2011-04
17702,2011-05
17703,2011-07
17704,2011-04
17705,2011-02
17706,2010-12
17707,2011-01
17708,2011-01
17709,2011-06
17711,2011-02
17712,2011-10
17714,2011-01
17715,2011-05
17716,2011-03
17718,2011-04
17719,2011-03
17720,2010-12
17722,2010-12
17723,2011-05
17724,2011-07
17725,2011-03
17727,2011-11
17728,2011-09
17730,2011-01
17731,2011-06
17732,2010-12
17733,2011-03
17734,2011-04
17735,2010-12
17736,2011-08
17737,2011-10
17738,2011-03
17739,2010-12
17742,2011-01
17744,2010-12
17746,2011-04
17747,2011-08
17749,2011-03
17750,2011-06
17752,2010-12
17754,2011-03
17757,2010-12
17758,2011-04
17759,2011-06
17760,2010-12
17761,2011-11
17763,2011-03
17764,2011-05
17765,2011-03
17767,2011-11
17768,2011-06
17769,2011-01
17770,2011-03
17771,2011-01
17772,2011-11
17774,2011-02
17775,2011-03
17777,2011-08
17779,2011-07
17781,2011-03
17783,2011-04
17785,2011-10
17786,2011-01
17787,2010-12
17788,2011-08
17789,2011-03
17790,2010-12
17791,2011-11
17793,2011-11
17795,2011-03
17796,2010-12
17797,2011-06
17799,2010-12
17800,2011-01
17802,2010-12
17805,2011-09
17806,2011-11
17809,2010-12
17811,2011-01
17812,2010-12
17813,2011-09
17816,2010-12
17817,2011-03
17819,2010-12
17824,2011-10
17827,2010-12
17828,2011-06
17829,2011-02
17830,2011-02
17831,2011-11
17832,2011-10
17835,2011-11
17836,2011-10
17837,2011-06
17838,2010-12
17839,2011-10
17841,2010-12
17843,2011-02
17844,2011-08
17846,2011-09
17848,2010-12
17849,2011-01
17850,2010-12
17852,2011-11
17854,2011-04
17855,2010-12
17856,2011-03
17857,2010-12
17858,2010-12
17859,2011-02
17860,2010-12
17861,2011-01
17862,2011-01
17863,2010-12
17864,2011-03
17865,2010-12
17866,2011-07
17867,2011-02
17869,2010-12
17870,2010-12
17871,2011-05
17873,2010-12
17874,2011-03
17877,2011-06
17878,2011-10
17879,2011-06
17880,2010-12
17881,2011-02
17883,2011-04
17884,2010-12
17885,2011-11
17886,2011-04
17887,2011-08
17888,2010-12
17889,2011-01
17890,2010-12
17891,2011-06
17892,2011-07
17893,2011-04
17894,2010-12
17895,2011-10
17896,2011-11
17897,2010-12
17898,2011-05
17899,2011-07
17900,2011-06
17901,2011-11
17904,2011-11
17905,2010-12
17906,2011-04
17908,2010-12
17911,2011-11
17912,2010-12
17913,2010-12
17914,2011-12
17917,2010-12
17919,2011-09
17920,2010-12
17921,2011-03
17923,2011-03
17924,2010-12
17925,2010-12
17926,2011-05
17928,2011-04
17929,2011-02
17930,2011-04
17931,2011-03
17932,2011-05
17934,2011-10
17935,2011-07
17936,2011-12
17937,2010-12
17939,2011-07
17940,2011-02
17941,2011-08
17942,2011-12
17946,2011-03
17947,2011-11
17948,2011-07
17949,2010-12
17950,2010-12
17951,2010-12
17954,2010-12
17955,2011-05
17956,2011-04
17957,2011-10
17958,2011-08
17960,2011-06
17961,2010-12
17962,2011-07
17964,2010-12
17965,2010-12
17966,2011-03
17967,2010-12
17968,2010-12
17969,2010-12
17970,2011-05
17972,2011-04
17973,2011-10
17974,2011-05
17975,2010-12
17976,2010-12
17977,2011-11
17978,2010-12
17979,2011-03
17980,2010-12
17984,2011-07
17985,2011-11
17986,2011-10
17987,2011-06
17988,2011-01
17990,2010-12
17991,2011-04
17994,2011-02
17995,2011-03
17997,2011-06
17999,2010-12
18001,2011-09
18004,2010-12
18005,2011-10
18006,2011-11
18008,2011-01
18009,2011-04
18010,2011-03
18011,2010-12
18013,2011-07
18014,2011-11
18015,2011-12
18016,2010-12
18017,2011-02
18018,2011-05
18019,2011-10
18022,2011-11
18024,2011-07
18027,2011-09
18030,2011-10
18032,2011-01
18033,2011-10
18034,2011-11
18035,2011-10
18036,2011-04
18037,2010-12
18040,2011-04
18041,2010-12
18042,2011-10
18043,2010-12
18044,2010-12
18045,2011-10
18048,2011-05
18050,2010-12
18053,2011-09
18055,2010-12
18056,2011-02
18058,2011-11
18059,2011-10
18061,2010-12
18062,2011-01
18064,2011-04
18065,2010-12
18066,2011-09
18067,2011-10
18068,2011-02
18069,2011-01
18071,2010-12
18072,2011-06
18073,2011-05
18074,2010-12
18075,2010-12
18077,2010-12
18078,2011-03
18079,2011-04
18080,2011-04
18081,2011-07
18082,2011-11
18084,2011-11
18085,2010-12
18086,2011-03
18087,2011-02
18088,2011-10
18092,2010-12
18093,2011-02
18094,2011-02
18095,2011-01
18096,2011-10
18097,2010-12
18099,2011-08
18101,2011-07
18102,2010-12
18104,2011-11
18105,2011-11
18106,2011-01
18108,2011-03
18109,2010-12
18110,2011-11
18112,2011-06
18113,2010-12
18114,2011-02
18116,2010-12
18117,2011-11
18118,2010-12
18119,2010-12
18120,2011-05
18121,2011-07
18122,2011-07
18123,2011-11
18125,2011-01
18126,2011-10
18127,2011-07
18129,2011-04
18130,2011-10
18133,2011-05
18135,2011-06
18136,2011-01
18138,2011-02
18139,2011-11
18142,2011-05
18143,2011-07
18144,2010-12
18145,2011-01
18146,2011-05
18147,2011-08
18149,2011-03
18150,2011-05
18151,2011-02
18154,2011-10
18155,2011-02
18156,2010-12
18158,2011-09
18159,2011-02
18160,2011-05
18161,2011-01
18164,2011-11
18165,2011-06
18167,2011-08
18168,2010-12
18169,2011-10
18170,2011-05
18171,2011-01
18172,2011-02
18173,2011-03
18174,2011-12
18176,2010-12
18177,2011-03
18178,2010-12
18179,2011-01
18180,2011-07
18181,2011-11
18183,2011-03
18184,2011-11
18185,2011-04
18188,2011-02
18189,2011-03
18190,2011-01
18191,2011-03
18192,2011-09
18193,2011-06
18194,2011-09
18196,2011-02
18198,2011-01
18200,2011-08
18202,2011-02
18203,2011-07
18204,2011-05
18205,2011-09
18209,2011-11
18210,2011-03
18211,2011-03
18212,2011-01
18213,2011-04
18215,2011-09
18216,2011-11
18217,2011-09
18218,2011-03
18219,2010-12
18220,2011-04
18221,2011-05
18222,2011-09
18223,2010-12
18224,2011-03
18225,2010-12
18226,2011-01
18227,2011-05
18228,2011-09
18229,2010-12
18230,2011-02
18231,2011-02
18232,2011-05
18233,2011-01
18235,2011-05
18236,2011-04
18237,2011-07
18239,2010-12
18240,2011-10
18241,2011-05
18242,2011-05
18245,2010-12
18246,2011-04
18248,2011-06
18249,2011-11
18250,2011-02
18251,2011-09
18252,2011-06
18255,2011-09
18257,2011-02
18259,2010-12
18260,2010-12
18261,2011-09
18262,2011-07
18263,2011-04
18265,2011-07
18268,2011-07
18269,2010-12
18270,2011-03
18272,2011-04
18273,2011-03
18274,2011-11
18276,2011-10
18277,2011-10
18278,2011-09
18280,2011-03
18281,2011-06
18282,2011-08
18283,2011-01
18287,2011-05
